"セグメント","サブカテゴリ","会社名","URL","事業概要","問い合わせ窓口","代表者","採用ページURL","営業トーク仮説"
"送り出し系","留学エージェント（総合大手）","株式会社留学ジャーナル","https://www.ryugaku.co.jp/","1971年創業のKDDIグループ傘下の老舗総合留学エージェント。短期留学から大学院留学まで取扱、累計20万人以上を海外に送り出してきた業界最大級。","https://www.ryugakujournal.com/inquiry/","代表取締役社長 横山 健一","https://www.ryugakujournal.com/recruit/","老舗ゆえブランド認知はあるが若年層への情報発信はYouTube/ブログ中心。Z世代の親世代も巻き込む共感型ショート動画でブランド再活性化＋若年リード獲得を提案するのが刺さりやすい。"
"送り出し系","留学エージェント（ワーホリ強）","株式会社ラストリゾート","https://www.lastresort.co.jp/","NOVAホールディングスグループの留学・ワーキングホリデーエージェント。全国43拠点・海外10拠点で対面相談に強く、年間多数のワーホリ希望者を送り出している。","https://www.lastresort.co.jp/contact/","代表取締役社長 堀内 勇太","https://www.lastresort.co.jp/recruit/","ワーホリは20代の人生決断、来店動機の創出が肝。実体験のストーリーテリング動画で来店予約LINE導線まで設計したRAHAの実績（POPUP1,050人動員）を引き合いに、店舗送客モデルとして提案できる。"
"送り出し系","留学エージェント（総合大手）","株式会社国際交流センター（ISS留学ライフ）","https://www.iss-ryugakulife.com/","Z会グループ（増進会ホールディングス）が運営する創立30年超の留学エージェント。28カ国1,200校と提携し、キッズ・親子から社会人まで累計10万人超を支援。","https://www.iss-ryugakulife.com/contact","代表取締役社長 石谷 雄也","https://www.iss-ryugakulife.com/recruit","Z会ブランド＝教育の堅実派、SNSでの情報発信は弱い。親子留学・キッズ留学領域は親の共感が起点なので、ママ層に刺さるストーリー動画で問い合わせ転換率を上げる提案が有効。"
"送り出し系","留学エージェント（SNS強）","株式会社ブルード（StudyIn）","https://studyin.jp/","本気留学StudyInを運営、SNS総フォロワー700万人超の若年層特化型留学エージェント。年間7,500人以上を送客、カナダ・フィリピンに支社あり。","https://studyin.jp/contact","不明（要確認）","https://studyin.jp/recruit","既にSNS活用は業界トップクラス。むしろ「次の伸び代＝採用SNS／海外現地カウンセラー採用」に絞り、RAHAのアフリカ現地採用200人応募実績を引き合いに採用支援を提案する方が刺さる。"
"送り出し系","海外大学院・MBA予備校","株式会社アゴス・ジャパン","https://www.agos.co.jp/","MBA・LLM・大学院・大学留学のテスト対策（TOEFL/IELTS/GMAT/SAT）と出願対策の専門校。25年以上の指導実績で海外トップ校への合格実績多数。","https://www.agos.co.jp/inquiry/","代表取締役 横山 匡","https://www.agos.co.jp/about/recruit/","高額講座（数十万〜数百万円）のリード獲得は信頼が鍵。合格者の体験ストーリー動画でTikTok/Insta経由の若年認知を獲得し、無料説明会への来場転換率を上げる提案が刺さる。"
"送り出し系","ワーホリエージェント","株式会社Jstyle（夢カナ留学）","https://ryugaku.yume-kana.com/","「ゼロ留学」を掲げ、現地就労で留学費用を回収するワーホリ／留学プランを提供。代表自身のサンディエゴ留学経験を起点に2016年設立、20代特化型。","https://ryugaku.yume-kana.com/contact/","代表取締役社長 安藤 和隆","https://hrmos.co/pages/jstyle","「ゼロ円留学」は説明が難解→ストーリーテリングで腹落ちさせる必要あり。ニッチ商材を共感に翻訳するRAHAの企画力が刺さる。LINE導線も既にあるため運用代行提案も親和性高い。"
"送り出し系","留学エージェント（手数料無料）","株式会社留学情報館","https://www.ryugaku-johokan.com/","2005年LA創業の手数料0円の留学エージェント。図書印刷グループ。東京・大阪・京都・LA・セブにオフィス、累計15,000人以上をサポート、海外大学進学にも強い。","https://www.ryugaku-johokan.com/contact/","代表取締役 大塚 庸平","https://www.ryugaku-johokan.com/company/recruit/","手数料0円ゆえ広告／カウンセリング数勝負＝CPA最適化が課題。実体験ベースの共感型動画でオーガニックリード増加＋大学進学(高額単価)層への保護者向け訴求を提案が刺さる。"
"送り出し系","留学エージェント（老舗）","ウィッシュインターナショナル株式会社","https://www.wish.co.jp/","1987年設立、累計10万人以上の留学者を送り出してきた老舗留学エージェント。短期留学、ワーキングホリデー、インターンシップ等を幅広く取り扱う。","https://www.wish.co.jp/company/contact/","代表取締役 山崎 朋宏","https://www.wish.co.jp/company/recruit/","老舗の信頼はあるが認知のメイン層は40代以上の保護者世代。子世代＝Z世代へのリーチをショート動画で開拓し、親子間の相談導線をLINEで作る提案が刺さる。"
"送り出し系","フィリピン留学（セブ特化）","株式会社CEBU21","https://cebu21.jp/","フィリピン留学・セブ島留学専門の老舗エージェント。Cebu English School Association公認エージェント番号A001、現地サポート体制が強み。","https://cebu21.jp/contact/","不明","なし","セブ留学＝低価格帯＝若年層が中心。学校別の留学体験を顔出しでショート動画化し、TikTokから直接LINE予約に繋ぐRAHAの導線設計が単価の低さを補う集客効率を実現できる提案として刺さる。"
"送り出し系","フィリピン留学（セブ特化）","株式会社CEBRIDGE","https://cebridge.jp/","2018年設立のフィリピン・セブ島留学特化エージェント。セブ・バギオ・クラーク等フィリピン全土に対応、1,000名以上の留学相談実績。","https://cebridge.jp/contact/","代表取締役 山岡（要詳細確認）","なし","若手創業＝SNS理解はあるが企画力と運用工数が不足しがち。ニッチな学校特化動画を共感ストーリーに翻訳し、競合エージェントとの差別化を図る提案が刺さる。"
"送り出し系","ワーホリ・留学（オーストラリア強）","株式会社Morrow World（タビケン留学）","https://tabiken-ryugaku.co.jp/","2015年創業の手数料無料留学エージェント。フィリピン・豪・加・NZ中心に累計1万件超の相談実績、福岡・セブ・シドニーに拠点。","https://tabiken-ryugaku.co.jp/contact/","代表取締役 諸澤 良幸","https://tabiken-ryugaku.co.jp/recruit/","福岡発の地方発エージェント＝広告予算は限定的。社長や現地スタッフの人柄を出した共感型動画で関係性ベースの集客モデルを作る提案がフィットしやすい。"
"送り出し系","児童・親子留学","株式会社アイエスエイ","https://www.isa.co.jp/","1970年設立、小中高生の海外研修・ホームステイ・親子留学に特化。9カ国の留学プログラムを展開し、累計60〜80万人の生徒をサポート。","https://www.isa.co.jp/contact/","代表取締役 倉橋 勝","https://www.isa.co.jp/company/recruit/","保護者の意思決定が起点＝ママのInsta動画リーチが刺さる。生徒のbefore/after成長ストーリーをショート動画化し、保護者の不安を共感で解消＋資料請求転換率向上の提案が有効。"
"送り出し系","留学エージェント（外資・グローバル）","イー・エフ・エデュケーション・ファースト・ジャパン株式会社","https://www.efjapan.co.jp/","1965年スイス創業の世界最大級語学教育機関EFの日本法人。13歳以上対象の海外留学・語学研修を提供、世界50カ国以上に拠点。","https://www.efjapan.co.jp/contact-us/","代表取締役社長 リーナス・ジョンソン","https://www.efjapan.co.jp/about-us/work-with-ef/","外資ゆえ日本ローカル感覚のSNS運用が弱い。日本人留学生のリアル体験を切り取った共感型動画で、グローバルブランド×ローカル親近感を両立させる提案が刺さる。"
"送り出し系","留学エージェント（旅行系）","株式会社エイチ・アイ・エス（HIS語学研修デスク）","https://gogaku.his-j.com/","大手旅行会社HISの留学専門部署。海外111都市156拠点の自社ネットワークを活かし、語学学校・ホームステイ・航空券をパッケージで提供。","https://gogaku.his-j.com/contact/","代表取締役社長 矢田 素史（HIS本体）","https://recruit.his.co.jp/","HIS本体の旅行ブランド色が強いため、留学事業単体の認知度が低い。留学に絞ったストーリー動画で「旅行のHIS」から「留学のHIS」への認知転換を仕掛ける提案が刺さる。"
"送り出し系","留学エージェント（中堅）","株式会社リアブロード（スマ留）","https://smaryu.com/","シェアリングエコノミー型の留学エージェント「スマ留」を運営、年間9,000人以上の利用実績。海外留学経験者特化型就職エージェント「yuino」も展開。","https://smaryu.com/contact/","代表取締役社長 神田 慎","https://liabroad.co.jp/recruit/","ビジネスモデル＝シェアリングの説明が複雑、共感に翻訳する力が必要。RAHAのニッチ→大衆翻訳企画が刺さる。yuino（就職支援）側でも採用SNSのノウハウ提案ができる。"
"送り出し系","ボーディングスクール留学","株式会社海外教育コンサルタンツ（EDICM）","https://www.edicm.jp/","1973年創業、海外ボーディングスクール留学（小中高生）に特化したコンサルティング会社。50年以上で7,800人以上を支援、TABS・Swiss Learning公認パートナー。","https://www.edicm.jp/contact/","不明","https://education-career.jp/job/11053/detail","高単価×超ニッチ（年数百万の海外寮制学校）＝富裕層の親が顧客。富裕層向けに「子の海外寮生活ストーリー」を品よく共感型動画化し、Instagramで個別相談リードを獲得する提案が刺さる。"
"送り出し系","海外大学進学塾（中高生）","株式会社キャタル","https://catal.jp/","海外大学合格を目指す4技能型英語塾。東京6・福岡2教室＋バンコク校＋オンライン、累計10,000人以上の小中高生を指導。","https://catal.jp/contact/","代表取締役 三石 郷史","https://catal.jp/recruit/","海外大進学＝親の情報収集が起点。生徒の合格ストーリーや海外進学後の姿を共感型動画化、保護者層へのInsta／LINE訴求で説明会集客を強化する提案が刺さる。"
"送り出し系","海外移住支援","株式会社アエルワールド","https://www.investorvisa.jp/","2004年創業の海外移住・投資家ビザ取得サポート会社。20,000人超の相談実績、ファミリー・経営者・投資家・リタイア層の長期滞在を支援。","https://www.investorvisa.jp/contact/","代表取締役 大森 健史","https://en-gage.net/aerworld_career/","海外移住＝決断単価が高く長期検討が必要。移住者のリアルなライフスタイルストーリーを共感型動画化し、検討段階の見込み客をLINEで長期育成する提案が刺さる。"
"送り出し系","海外大学進学塾","学校法人河合塾（海外大進学相談センター）","https://www.kawai-juku.ac.jp/kaigaidai/","大手予備校河合塾が運営する海外大進学相談センター。米英オセアニア大進学／国際教養系大学進学／交換留学等、海外大進学に精通したアドバイザーがサポート。","https://www.kawai-juku.ac.jp/kaigaidai/contact/","理事長 山田 治","https://www.kawai-juku.ac.jp/recruit/","学校法人ゆえ公式色強く動画発信は控えめ。アゴスとの違いを「現役高校生視点」のショート動画で打ち出す提案が有効（学校法人ゆえ要件確認）。"
"送り出し系","海外大学進学塾（中高生）","株式会社ベネッセコーポレーション（Route H／Route G）","https://rt-h.jp/","ベネッセが運営する海外トップ大進学塾Route H／海外進学英語塾Route G。2009年開始、中1〜高3対象、海外大進学から国内国際系学部進学まで支援。","https://rt-h.jp/contact/","代表取締役社長 小林 仁（ベネッセコーポレーション）","https://www.benesse.co.jp/recruit/","大手ゆえ動画戦略は社内完結傾向だが、海外大進学領域は中高生向けの共感訴求が手薄。卒業生のリアルなキャンパスライフ動画でブランド体験を訴求し、Route H／Route G間の動線設計を提案できる。"
"送り出し系","海外大学進学エージェント（アメリカ特化）","株式会社栄陽子留学研究所","https://www.ryugaku.com/","1972年設立、アメリカの高校・大学・大学院への正規留学（卒業を目指す留学）専門エージェント。卒業生1万人超、卒業率97%、奨学金獲得率100%実績。","https://www.ryugaku.com/contact/","代表 栄 陽子","なし","代表のカリスマ性／50年の実績を活かしきれていない可能性。代表自身を主役にしたドキュメンタリー風動画で信頼を可視化、富裕層保護者の説明会集客強化提案が刺さる。"
"送り出し系","総合留学エージェント","SEKAIA株式会社（旧ICCコンサルタンツ）","https://www.sekaia.co.jp/","2025年11月にICCコンサルタンツから社名変更。高校・大学・大学院留学、海外インターンシップ、企業派遣留学、マレーシア移住支援まで幅広く展開。","https://www.sekaia.co.jp/contact/","代表取締役 曽根 靖雄","https://www.sekaia.co.jp/recruit/","社名変更直後＝ブランド再構築期。新ブランド「SEKAIA」の世界観を共感型ストーリーで一気に浸透させる提案が刺さる。マレーシア移住事業はニッチ商材で大衆翻訳力が活きる。"
"送り出し系","総合留学エージェント","GIO CLUB株式会社（成功する留学）","https://www.studyabroad.co.jp/","1984年創業の老舗留学エージェント「成功する留学」運営。累計25万人の利用実績、17カ国740校提携、ST Star Awardsアジア最優秀5回受賞・殿堂入り。","https://www.studyabroad.co.jp/inquiry/","代表取締役社長 岡野 健三","https://www.studyabroad.co.jp/company/recruit.html","老舗の実績はあるが「成功する留学」というブランドは中高年寄り。25万人の体験談アセットを共感型ショート動画化し、Z世代向けにブランド若返りを図る提案が刺さる。"
"送り出し系","総合留学エージェント","株式会社DEOW（留学ワールド）","https://deow.jp/","2004年設立、30カ国900校以上と提携する手数料無料の総合留学エージェント。世界8カ国12都市に直営オフィス、ダンス・バリスタ等ユニーク留学も扱う。","https://deow.jp/contact/","代表取締役 真鍋 将晃","https://deow.jp/recruit/","ダンス・バリスタ留学などのニッチ商材を扱う＝RAHAの「ニッチを大衆共感に翻訳する」企画力と相性抜群。職業×留学のストーリー動画でTikTok等から指名検索を増やす提案が刺さる。"
"送り出し系","ワーホリ・留学（手数料無料）","株式会社ダイブ（Global Dive）","https://global-dive.jp/","全世界20カ国1,000校以上の語学留学・ワーホリをサポート。「リゾートバイト×無料英会話で資金作り」のZEROから留学プランが特徴。","https://global-dive.jp/contact/","代表取締役 庄子 潔","https://dive-jp.com/recruit/","リゾバ×留学の独自モデルは説明難度高。20代主役の体験ストーリーで「資金ゼロでも留学できる共感」を量産、LINE登録→無料相談導線を強化する提案が刺さる。"
"送り出し系","総合留学エージェント","ネスグローバル株式会社","https://www.nes-global.com/","11カ国92都市400校以上の海外留学を手数料0円で取次。海外留学・キャリア留学・インターンに加え、グローバル人材紹介・英語人材紹介事業も展開。","https://www.nes-global.com/contact.html","代表取締役 櫛谷 泰輔","https://www.nes-global.com/recruit.html","留学＋人材紹介＋インターを横串で持つ＝顧客LTVは高いが認知のメイン経路が広告依存になりやすい。事業横断のストーリー動画で「留学→キャリア」までの一気通貫を共感的に見せ、リード単価を下げる提案が刺さる。"
"送り出し系","中高生短期留学","株式会社Crepity（U-GAKU）","https://u-gaku.jp/","セブ・マルタ・ニセコ・沖縄での国内外留学プログラムを運営。中高生向けの価値観変容を目的とした短期留学が中心、2021年創業。","https://u-gaku.jp/contact/","代表取締役 生雲 勝之","https://u-gaku.jp/recruit/","短期留学＝中高生本人より親の意思決定。参加者の成長ビフォーアフターを保護者目線の共感ストーリーに編集し、Insta経由で説明会集客を強化する提案が刺さる。新興ブランドゆえ動画の蓄積効果が大きい。"
"送り出し系","留学エージェント（イギリス強）","株式会社ワールドコンパス（アフィニティ）","https://affinity-japan.com/","1978年創業の老舗イギリス系留学エージェント。英国・カナダ・豪・独・仏など世界2,000校以上と提携、語学・ワーホリ・大学院・インターンまで対応。","https://affinity-japan.com/contact/","不明","なし","欧州留学（英・独・仏）の専門性はあるがSNS露出は限定的。国別の魅力をニッチ共感動画で訴求し、米豪以外を検討する層を独占する提案が刺さる。"
"送り出し系","秘境・辺境ツアー","株式会社西遊旅行","https://www.saiyu.co.jp/","1973年創業の秘境旅行・海外登山の専門店。ヒマラヤ、シルクロード、極地、野生動物テーマツアー等、テーマ性の高い少人数ツアーを世界中で展開。","https://www.saiyu.co.jp/contact/","代表取締役社長 高橋真理子","https://www.saiyu.co.jp/information/recruit.php","ケニアという辺境を共感に変えたRAHAのストーリーテリングを引き合いに、シルクロードやヒマラヤの『一見近寄りがたい場所』をショート動画で大衆化する提案が刺さる。中高年顧客中心の層から若年層獲得の課題があるはず。"
"送り出し系","秘境・辺境ツアー","株式会社風の旅行社","https://www.kaze-travel.co.jp/","ネパール・モンゴル・チベット文化圏・モロッコを軸に、現地の暮らしや文化に触れる手作り体験型ツアーを企画。海外支店を自社運営。","https://www.kaze-travel.co.jp/contact","代表取締役 原優二","https://www.kaze-travel.co.jp/recruit","『人の暮らしに触れる旅』というコンセプトはRAHAのケニア現地ツアーと共鳴する。現地パートナーとの関係性をストーリー仕立てのショート動画化し、客層の若返りと高単価ツアー販売の両立を提案。"
"送り出し系","秘境・辺境ツアー","株式会社ファイブスタークラブ","https://www.fivestar-club.jp/","1995年創業、世界の辺境地・少人数ツアー専門。社長以下スタッフ全員が旅好きで、年に複数回海外視察を行う『旅人』集団。","https://www.fivestar-club.jp/info/contact/","代表取締役 川崎真弘","https://www.fivestar-club.jp/recruit/","辺境ツアーをマス層に届けたい際の翻訳力でRAHAは強み。社員自身が旅好きという素材を活かしたパーソナルストーリー型ショート動画で、採用と集客の双方を解決する提案。"
"送り出し系","秘境・辺境ツアー","株式会社日本橋トラベラーズクラブ","https://travellers.co.jp/","1991年設立。テーマ性・こだわりの手づくりの旅、特に秘境・辺境旅行が多数。世界各国を独自企画で扱う中小規模専門店。","https://travellers.co.jp/contact/","白鳥雅之","https://travellers.co.jp/recruit/","中小規模ゆえ認知拡大が課題と推測。RAHAのニッチを大衆化する企画力で、地味になりがちな『辺境』を視覚的にバズらせ、新規顧客層獲得を提案できる。"
"送り出し系","中央アジア・コーカサス","ジェーアイシー旅行センター株式会社","https://www.jic-web.co.jp/","1982年創業のロシア・旧ソ連諸国専門の旅行・国際交流会社。中央アジア（ウズベキスタン等）、コーカサス、バルト3国も扱う。","https://www.jic-web.co.jp/contact/","代表取締役 杉浦信也","不明","ジョージア・ウズベキスタンなど『名前は聞くが情報が少ない国』の魅力をショート動画で翻訳できる強みを訴求。地政学的に難しい国を持つ企業ほどイメージ刷新のニーズが高い。"
"送り出し系","テーマ別海外ツアー（知的好奇心）","株式会社ユーラシア旅行社","https://www.eurasia.co.jp/","1986年設立、東証スタンダード上場。遺跡・自然・伝統文化など知的好奇心を満たすオリジナルツアーを成熟層に提供。","https://www.eurasia.co.jp/inquiry/","代表取締役 井上利男","https://www.eurasia.co.jp/company/recruit/","シニア層への依存からの脱却がIR上の課題。RAHAの『若年層への翻訳力』で文化・遺跡テーマを30〜40代に届けるショート動画運用を提案するのが刺さる。"
"送り出し系","海外登山・トレッキング","アルパインツアーサービス株式会社","https://www.alpine-tour.com/","1973年設立、ハイキング・トレッキング・登山ツアー専門。2025年にアウトドア大手ゴールドウィン傘下入りし、若年顧客接点拡大を狙う。","https://www.alpine-tour.com/contact/","代表取締役社長 藤井知一","https://www.alpine-tour.com/company/recruit.php","親会社ゴールドウィンが掲げる『顧客接点拡大・若年化』とRAHAのSNS強みが直結。海外トレッキングの達成感ストーリーをショート動画化し、ブランド認知向上の提案がドンピシャ。"
"送り出し系","海外ハネムーン専門","株式会社アニバーサリートラベル","https://www.anniversary-t.com/","ウェディング大手テイクアンドギヴ・ニーズの100％子会社。2006年設立のオーダーメイドハネムーン専門旅行会社。","https://www.anniversary-t.com/inquiry/","不明","https://www.anniversary-t.com/company/recruit.html","ハネムーン市場はSNSでの『憧れ作り』が購買起点。RAHAのフォトジェニックなストーリーテリングで『この瞬間を私たちも』と共感を呼び、高単価ハネムーン販売とLINE導線設計を一気通貫で提案できる。"
"送り出し系","オーダーメイド・ハネムーン","ティースタイル株式会社","https://www.teestyle.jp/","2009年創業、オーダーメイド旅行・ハネムーン専門。1万組超の手配実績。トラベルコンサルタント制と現地視察が強み。","https://www.teestyle.jp/inquiries","代表取締役社長 須沢悠／代表取締役会長 鈴木年光","https://www.teestyle.jp/careers","現地視察を10カ国以上行っている素材を活かす方法に課題ありと推測。RAHAの動画企画力で『コンサルタント自身が出る』属人型コンテンツを設計、ファン化・採用応募両立の提案が有効。"
"送り出し系","海外フォトウェディング・挙式","株式会社エス・ティー・ワールド（MOONSHELL等）","https://wedding-collection.jp/","1987年創業、海外挙式専門ブランド『MOONSHELL』を運営。モルディブ・ヨーロッパなど世界の挙式取扱エリア数No.1。","https://wedding-collection.jp/inquiry/","代表取締役社長 鹿島義範","https://stworld.jp/corp/recruit_stw/top/about/","海外挙式市場は若年層の『映え』動機が大きい。RAHAのフォトジェニック動画＋共感ストーリーで、各国の挙式会場をブランド毎にシリーズ動画化、LINE登録→相談予約導線の構築を提案。"
"送り出し系","クルーズ専門","株式会社クルーズプラネット","https://www.cruiseplanet.co.jp/","1999年設立、HISグループのクルーズ専門旅行会社。海外・国内クルーズの企画販売、BtoB予約システムNAVISも展開。","https://www.cruiseplanet.co.jp/contact/","代表取締役社長 小林敦","https://www.cruiseplanet.co.jp/recruit/","クルーズ顧客は中高年偏重、若年化が課題。RAHAの『ニッチを共感化』する企画力で、クルーズ船内の知られざる体験をショート動画化、新規層開拓と高単価販売の両立を提案。"
"送り出し系","クルーズ専門","クルーズのゆたか倶楽部株式会社","https://www.yutakaclub.co.jp/","クルーズ専門旅行会社。日本船・外国船の各社クルーズを取扱、代表が旅専9代目会長就任歴。","https://www.yutakaclub.co.jp/contact/","代表取締役 松浦賢太郎","不明","中堅クルーズ専門店は集客のデジタル化が遅れがち。RAHAの動画＋LINE運用ノウハウで、競合HIS系より小回りの効く個別接客をSNS上で体現する提案が刺さる。"
"送り出し系","クルーズ（カジュアル路線）","株式会社ベストワンドットコム","https://www.best1cruise.com/","2005年創業、東証グロース上場のオンラインクルーズ専門旅行会社。若年・未体験者にカジュアル船旅を提案するのが特徴。","https://www.best1cruise.com/user_data/info/contact.php","代表取締役 澤田秀太","https://www.best1cruise.com/recruit/","公開している『若い世代・未体験者向けの船旅提案』戦略とRAHAの大衆翻訳力が完全に合致。TikTokショート動画で『クルーズ＝シニア』のイメージを覆し若年層獲得を実現する企画提案が刺さる。"
"送り出し系","極地・冒険クルーズ","株式会社クルーズライフ","https://www.cruiselife.co.jp/","南極・北極の極地クルーズ専門。Quark Expeditions等の日本正規代理店、極地旅行20年以上の経験を持つ専門店。","https://www.cruiselife.co.jp/inquiry/","代表取締役 伊藤榮治郎","https://www.cruiselife.co.jp/about/recruit.html","南極・北極という究極のニッチ・高単価商材はRAHAの得意領域。秘境ケニアツアー販売の実績を引き合いに、極地体験をストーリーテリングで翻訳しLINE登録経由の長期育成導線を提案。"
"送り出し系","北欧・オーロラ専門","株式会社フィンコーポレーション（北欧旅行フィンツアー）","https://www.nordic.co.jp/","1983年創業、北欧4ヶ国・バルト3国・アイスランド・グリーンランド専門の旅行会社。オーロラ・テーマ別企画ツアーが豊富。","https://www.nordic.co.jp/contact/","代表取締役社長 美甘小竹","https://www.nordic.co.jp/company/recruit/","オーロラ・北欧暮らし・サウナなど『映える・憧れ』要素が強いコンテンツの宝庫。RAHAの企画力で各国に紐づくシリーズ動画化、女性ファン獲得→LINE→ツアー予約の導線設計が刺さる。"
"送り出し系","海外ダイビング専門","株式会社ユー・ツアー・サービス","https://www.u-diving.jp/","アジア・オセアニアを中心に海外ダイビングツアー・秘境ダイビングを扱う旅行会社。ボルネオ専門ブランドも展開。","https://www.u-diving.jp/contact/","代表取締役 水野英行","不明","ダイビングは『憧れ→挑戦』のストーリー消費との相性が良い。RAHAのニッチ大衆翻訳で、ダイビング未経験層へのリーチ拡大、初心者向け体験ツアー集客の提案が有効。"
"送り出し系","海外ダイビング・クルーズ","株式会社サン・アンド・アドベンチャー（クラブアズール）","https://www.club-azul.com/","1994年創業、海外ダイビング旅行のパイオニア。モルディブ・メキシコに自社クルーズ船を所有、ガラパゴス等の秘境を強みとする。","https://www.club-azul.com/info","代表取締役社長 早瀬悦子","https://www.club-azul.com/company","自社船・ガラパゴスなど『他社にない素材』を持つが認知が業界内に偏りがち。RAHAのストーリーテリングで『なぜ社長が船を持つに至ったか』を発信し、ファン化・高単価販売を提案。"
"送り出し系","海外スポーツ観戦専門","株式会社ジェイ ワールド トラベル（J WORLD SPORTS/Tifosi）","https://www.jworldsports.com/","海外スポーツ観戦ツアー専門。サッカー（Tifosi）、テニス、ラグビー、MLB、フィギュアスケート等の観戦＋旅行を企画。","https://www.jw-trvl.co.jp/","不明","不明","熱狂的なファンの感情・行動を可視化するコンテンツが響く市場。RAHAの共感喚起ストーリーテリングで、観戦体験を疑似体験できるショート動画を提案、新規ファン層獲得を後押し。"
"送り出し系","海外サッカー観戦","株式会社パルテンツァ（DANGAN FOOTBALL等）","https://www.partenza.co.jp/","スイス・クロアチア・イタリア・ブータンなどの専門ツアー、欧州サッカー観戦『DANGAN FOOTBALL』を運営する中堅専門旅行会社。","https://www.partenza.co.jp/contact/","代表取締役 野原弘輔","不明","複数のニッチブランドを並列展開しており、各ブランドのSNS運用リソース不足が課題と推測。RAHAの企画力でブランド毎にショート動画戦略を作り、LINE→個別相談へ導線化する提案。"
"送り出し系","海外スポーツ観戦","株式会社CULTURE PROMOTION（WORLD SPORTS TRAVEL）","https://f1world.net/","F1・サッカー・MLB・NBA・テニス・WBC等の海外スポーツ観戦ツアー専門。創業者自身の観戦体験ベースのツアー設計。","https://f1world.net/contact/","不明","不明","創業者の体験ストーリーがコンテンツ資産化されておらず勿体ない可能性。RAHAの『人を主役にしたストーリーテリング』で創業者キャラを動画化、唯一無二のブランド構築を提案。"
"送り出し系","ワイン・グルメツアー","株式会社パーパスジャパン","https://www.purposejapan.com/","1990年創業のヨーロッパ専門オペレーター発祥。フランス・イタリア・米・NZ等のワイナリー巡り、スポーツイベント、オーロラ旅行も扱う中堅特化型。","https://www.purposejapan.com/contact.html","不明","不明","ワイナリー巡り・アグリツーリズモといった『マニアック高単価商材』はRAHAの十八番。生産者の物語を絡めたショート動画でワイン好き＋旅好きの女性層を獲得、LINEで定期情報配信→ツアー予約の提案。"
"送り出し系","ヨーロッパ周遊専門","株式会社旅コンシェル","https://www.big-tour.com/","ヨーロッパ旅行専門店。イベリア半島・イタリア・フランス等の周遊・少人数ツアーを企画。現地パートナーと連携した手作りプラン。","https://www.big-tour.com/inquiry/","不明","不明","リピート率の高さが強みだが新規顧客層へのリーチが弱いと推測。RAHAの拡散力ある動画企画で各都市の隠れスポットを翻訳、新規顧客の母集団形成を提案。"
"送り出し系","ハワイ専門","株式会社ハワイアンエイト","https://hawaiian8.jp/","名古屋本社、45年の実績を持つハワイ専門旅行店。ハワイ州観光局公認サテライトオフィス、ハネムーン・家族旅行・離島旅行を強みとする。","https://hawaiian8.jp/contact/","不明","不明","ハワイ市場は競合過多、差別化が課題。RAHAの『フォロワー18万人運用実績』を引き合いに、スタッフ全員がハワイスペシャリストである強みを人物ストーリーで可視化、地方発で全国客を取る戦略を提案。"
"送り出し系","南太平洋・モルディブ離島","株式会社アドベンチャー・アイランズ（冒険の島）","https://www.adventure-is.co.jp/","ニューカレドニア・タヒチ・モルディブ・フィジー等の離島・ビーチリゾート専門の中小特化型旅行会社。","https://www.adventure-is.co.jp/contents/category/contact/","不明","不明","美しい島々という映え素材が豊富だが社名認知が低い。RAHAのケニアツアー販売実績を引き合いに、フォトジェニック動画でブランド認知拡大→指名問い合わせ獲得を提案。"
"送り出し系","オーダーメイド海外旅行","トラベル・スタンダード・ジャパン株式会社","https://www.travelwith.jp/","2011年設立の海外旅行・オーダーメイドツアー専門。第一種旅行業、JATA正会員、IATA公認。2025年に新代表就任で経営刷新中。","https://www.travelwith.jp/contact","代表取締役 横治祐介","https://www.travelwith.jp/company/recruit","新代表就任直後はマーケ刷新ニーズが高い。RAHAの自社運用実績（18万フォロワー・LINE1.2万）を再現可能性ある事例として提示、SNS起点の顧客創出を提案。"
"受け入れ系","ベトナム・宿泊","兎家（うさぎや）Hotel & Guesthouse / Usagiyah","https://usagiyah.com/","ベトナム・ホーチミン市1区にある日本人経営＆日本人常駐のホテル＆ゲストハウス。2017年開業、Booking.comレビュー9.3を獲得し、リピーターと一人旅日本人を中心に高い稼働率。","https://usagiyah.com/お問い合わせ/","オーナー 石田氏（京都府出身、バックパッカー歴20年以上）","不明","『日本人がホーチミンで何を楽しめるか』を旅人目線で発信するショート動画群を提案。バックパッカー出自のオーナー個人ストーリーを軸にしたコンテンツで、海外渡航リピーターのファン化と直予約導線（LINE）まで設計できる旨を訴求。"
"受け入れ系","タイ・宿泊","うらしま館（バンコク）","https://www.urashima-thai.com/","2025年12月にバンコク・バンチャック駅徒歩5分でオープンした日本人専用ゲストハウス。日本人オーナー常駐、長期滞在・移住者の拠点としても利用される新興宿。","https://www.urashima-thai.com/","オーナー 中島氏","不明","新規開業ゆえに認知獲得が最大の課題。RAHAの『辺境地ケニアで日本人観光客を呼んだ』実績を引き合いに、開業ストーリーをドキュメンタリー風ショート動画で連載し、初年度から指名予約を作る設計を提案。"
"受け入れ系","カンボジア・宿泊","BLANK GUEST HOUSE（シェムリアップ）","https://blank-guest-house.hotelinsiemreap.net/en/","カンボジア・シェムリアップでアンコールワット観光客向けに展開する日本人経営ゲストハウス。インターン受け入れや夜のBBQイベントなど『沈没系』コミュニティ宿として人気。","https://www.instagram.com/blankguesthouse/（DM）","オーナー 土屋柊一郎（一輪車世界一周経験者）","不明","オーナーの『新卒で海外移住・一輪車世界一周』というニッチな物語は大衆に翻訳すれば刺さるネタの宝庫。共感型のストーリーテリング動画とインターン採用の二軸で『人が集まる宿』をブランド化する提案。"
"受け入れ系","ラオス・宿泊","ソークミーサイ ゲストハウス（ルアンパバーン）","https://sokmisay.amebaownd.com/","ラオス・世界遺産ルアンパバーン唯一の日本人経営プチホテル兼ゲストハウス。日本人妻りえこ氏とラオス人夫が運営、市内観光・クアンシー滝などの日本語ツアーも手配。","https://www.facebook.com/laos.luangprabang.culture.guesthouse/","オーナー りえこ氏（日本人）・ケオ氏（ラオス人）","なし","『東南アジア最後の秘境』というニッチな立地は、ケニアと同じく『辺境地から発信して日本から呼ぶ』RAHAの十八番。世界遺産×日本人夫婦の物語を軸にしたショート動画で女性個人旅行客のファン化を提案。"
"受け入れ系","バリ・宿泊（ヴィラ）","ロカパラヴィラ（Loka Pala Villa）","https://www.lokapalavilla.com/jp/","バリ島ウブド南部ニュークニン村にある日本人オーナーのブティックヴィラ。12室、独立キッチン付きで長期滞在・ロングステイ需要にも対応。","https://www.lokapalavilla.com/jp/contact/","オーナー 日暮若菜氏","不明","ヴィラは『高単価・低稼働でも収益化』が肝。RAHAの『ニッチを大衆の共感に翻訳』する強みで、ウブドの暮らし×女性オーナーの物語を縦動画化し、Instagram経由で月◯件の長期滞在を直予約獲得する提案。"
"受け入れ系","バリ・サーフ","PT. Dekom Bali Surf School（デコムバリサーフ）","https://surfingschoolbali.com/","2011年開業、バリ島クタビーチに面した日本人経営のインドネシア政府公認サーフィンスクール。日本語堪能なインストラクター7名体制で初心者から上級者まで対応。","http://dekomsurf.com/jpn/company.html","日本人オーナー（サーファー）","不明","サーフィンは『一度乗ったら虜になる』感情体験商材。レッスン中のテンションをショート動画で切り取り、Before/After（初日でテイクオフ）型のフォーマットで日本のサーフィン初心者層を発掘・送客する提案。"
"受け入れ系","バリ・サーフ","SYABALI SURFING SCHOOL（シャバリ／3S SURF）","http://syabali.net/","2003年創業、バリ島クタの日本人専門サーフィンスクール。年間100名超のリピーターを抱え、サーフィン歴40年のインストラクターShigeが個別指導。","syabali@yahoo.co.jp","代表 Shige氏（日本人インストラクター）","不明","リピーター100名超という資産はファンコミュニティ化の宝庫。卒業生の上達ストーリーをUGC風ショート動画で量産し、LINE公式での『次回バリ訪問予約』導線設計まで提案。"
"受け入れ系","バリ・ウェディング","バリウェディング.jp（アマンダチャペル）","http://bali-wedding.jp/","バリ島にオフィスを構える日本人経営のウェディング専門会社。自社チャペル・フォトスタジオ・ウェディングサロンを保有し、日本人スタッフがワンストップ対応。","http://bali-wedding.jp/contact.html","不明","不明","ウェディングは『憧れの感情』を動画で見せられるかが命。挙式当日のドキュメンタリー型ショート動画＋花嫁の準備リール等で、Instagramからチャペル指名問い合わせを作る提案。"
"受け入れ系","バリ・ウェディング","Feast Bali Bridal","https://feast-japan.com/","バリ島プライベートヴィラ・ウェディングを14年以上手掛ける日本人経営のウェディングプランナー。国内相談デスクと現地日本人スタッフによるサポート体制。","ioka@feast-japan.com","不明（ioka氏が窓口）","不明","ヴィラ婚という『非日常×プライベート感』はTikTokで強い。当日のリアルな式の様子・参列者リアクションをショート動画化し、ニッチ高単価カップル層への共感型集客を提案。"
"受け入れ系","フィリピン・ダイビング","アクアスケープ（Aquascape Cebu）","https://aquascape-cebu.com/","セブ・マクタン島の日本人女性オーナーが運営するダイビングショップ。サイパンの老舗『シーショア』が2012年にセブで開業、シャングリラホテル並びの好立地。","https://aquascape-cebu.com/contact/","オーナー しばた氏（関西出身、元美術教師、CMASインストラクター）","不明","女性オーナーの『元教師→海外起業』ストーリーは大衆共感の宝庫。水中映像×オーナー解説のショート動画で『日本語で安心して潜れる』を訴求し、女性ソロダイバーのファン化を提案。"
"受け入れ系","フィリピン・マリンアクティビティ","ALL BLUE（オールブルー／セブ）","https://all-blue-cebu.com/","セブ島で唯一の日本人経営・日本人催行の現地アクティビティ会社。ジンベイザメツアー、アイランドホッピング、各種マリンスポーツを日本語ガイドで提供。","https://all-blue-cebu.com/contact/","不明","不明","ジンベイザメ遭遇は『ショート動画で最も視聴されるネタ』。撮影編集の企画力でバズ動画→指名予約の動線をRAHAの実績ベースで提案。POPUP的なファンミ的イベントも企画余地あり。"
"受け入れ系","フィリピン・語学留学","First English Global College","https://www.firstcebu.com/","セブ・マクタン島の日本資本語学学校。2025年1月にミックグループへ運営移管、日本式の手厚いサポートで初心者・親子留学・シニア留学に強み。","https://www.firstcebu.com/contact/","代表取締役 春木磨碑露","https://www.firstcebu.com/recruit/","語学学校は『生徒の上達ストーリー』が最強コンテンツ。卒業生インタビュー型ショート動画でリードを獲得し、説明会POPUP動員→個別相談の導線設計（RAHAの1,050人動員ノウハウ）まで提案。"
"受け入れ系","フィリピン・語学留学","Global Language Cebu（GLC）","https://jp.glcenglish.com/","セブ島の日系大型語学学校（旧IDEA CEBU、2011年創業）。学校定員400名、日本人を中心に台湾・ベトナム・中国など多国籍の留学生が集まる。","https://jp.glcenglish.com/contact","不明（日本人オーナー）","https://jp.glcenglish.com/recruit","競合過多のセブ留学市場で『安さ』訴求から『共感ストーリー』訴求への転換を提案。生徒VLOG型ショート動画と保護者向け説明会POPUP導線で、親子留学・社会人留学リードを獲得。"
"受け入れ系","フィリピン・IT留学","シードテックスクール（Seed Tech School）","https://programming.seed-tech-school.com/","セブ島最大手の日系IT×英語留学スクール。2013年開校、2,500名以上の卒業生がIT・スタートアップ等で活躍。エンジニア留学と英語留学を提供。","https://programming.seed-tech-school.com/contact","不明","https://programming.seed-tech-school.com/recruit","『AI時代に海外でエンジニア転身』というニッチ商材。卒業生のキャリア変遷をストーリー仕立てのショート動画にし、海外×IT×英語に憧れる若手社会人のリード獲得を提案。"
"受け入れ系","タイ・ダイビング","ワンステッププーケット（株式会社Sun&Sea Siam）","https://one-step-phuket.com/","2010年開業、プーケットの日本人経営ダイビングショップ。10年以上の無事故実績、ピピ島・シミラン諸島へのファンダイブと体験ダイビング、PADIライセンス講習を展開。","https://one-step-phuket.com/contact/","代表 八杉明信（PADIインストラクター、ダイブガイド歴25年）","https://one-step-phuket.com/profile/staff/","ピピ島の水中映像は競合と差別化しづらいので『日本人ガイドの人柄・安全への姿勢』をフィーチャーした人物コンテンツを提案。Before/Afterの体験者リアクション動画も効果的。"
"受け入れ系","タイ・チェンマイ宿泊","Koenji Guest House & Bar Chiang Mai","https://www.facebook.com/profile.php?id=61581414629253","2025年11月開業、チェンマイ川沿いの日本人運営ゲストハウス＆バー。東京・高円寺の文化をチェンマイに持ち込むコンセプトで、ノマド・長期滞在者のコミュニティ拠点。","FacebookまたはInstagram DM","共同オーナー 浅野氏（栃木出身）・三谷崇史（福岡出身）","不明","開業ストーリー＋『チェンマイで暮らす日本人ノマド』のリアルをドキュメンタリー化。RAHAのPOPUP動員ノウハウを応用し、東京・大阪での日本イベント開催→チェンマイ来訪導線まで設計提案。"
"受け入れ系","タイ・ダイビング","サムイダイビングサービス","http://www2.oceanus-dive.jp/shop/samui/samuidivingservice.html","サムイ島・タオ島エリア最初の日本人経営ダイビングサービス。日本人スタッフ10名以上、自社クルーズ船によるタオ島唯一の常設クルーズを夏期に運航。","サイト内お問い合わせ","不明","不明","『日本人スタッフ10名・自社クルーズ船』という規模感を逆手に取り、スタッフ個別人格を立てたショート動画群でファン化。指名ガイド予約・季節クルーズの早割導線をLINEで設計提案。"
"受け入れ系","ベトナム・宿泊／ツアー","EZ STAY Hanoi（EZ VIET TOURISM AND TRADING SERVICE Co., Ltd.）","https://ezstayhanoi.com/","2014年創業、ハノイ発の日本人スタッフ対応オプショナルツアー会社。元日本人宿から進化し、ハロン湾クルーズ・サパ・ハジャンなど北部全域のツアー手配を展開。","https://ezstayhanoi.com/ask/","NGUYEN VAN KIEN（ベトナム人代表）・日本人共同創業者『ざわわ』氏","不明","サパ・ハジャンなど『北部の知られざる秘境』はショート動画で爆発的に伸びる素材。ニッチを大衆に翻訳するRAHAの企画力で、競合のひしめくハロン湾以外の差別化集客を提案。"
"受け入れ系","ベトナム・ツアー","TNKトラベルJAPAN（TNK TRAVEL VIETNAM Co., Ltd.）","https://www.tnkjapan.com/","ホーチミン本社、ハノイ・ホイアン・シェムリアップに支店を持つベトナム最古参級の日系オプショナルツアー会社。メコンデルタ、クチトンネル等の定番から個人手配まで対応。","https://www.tnkjapan.com/contact/","日本人社長 吉田圭志／ベトナム人社長 Nguyen Hung Dung Trinh","不明","14年の蓄積データを活かし『現地ガイドの素顔』『ツアー裏側』のショート動画化で旅マエファン化。指名予約・LINE登録動線をRAHAの導線設計力で再構築する提案。"
"受け入れ系","ネパール・トレッキング","ヒマラヤンアクティビティーズ（Himalayan Activities）","https://www.himalayanactivities.com/","カトマンズ拠点の日本人経営旅行会社。代表は2000年からカトマンズ在住。ヒマラヤトレッキング、撮影取材手配、個人旅行アレンジに強み。","https://www.himalayanactivities.com/お問い合わせ/","代表 春日山紀子","不明","ヒマラヤは『非日常×自己変容』の最強コンテンツ。代表自身の25年カトマンズ生活ドキュメンタリー＋トレッキング映像で、富裕層・40代以上の自己投資旅市場を取りに行く提案。"
"受け入れ系","インド・ツアー","INDO TOURS（インドツアーズ）","https://www.indotours.net/","デリー本拠の日本人専門オーダーメイド旅行会社。空港送迎、車チャーター、鉄道・ホテル手配、カレー教室・アーユルヴェーダ等のニッチ体験も提供。","https://www.indotours.net/contact/","代表 バルジット・シン（BALJEET SINGH／日本語堪能、来日経験あり）","不明","『インドの怖さ』を『日本語完全サポートで安心』に翻訳できるかが勝負。代表シン氏の日本愛・人柄を全面に出したショート動画で、女性ソロ・はじめてのインド層を一気に取り込む提案。"
"受け入れ系","スリランカ・アーユルヴェーダ","アーユピサヤ（Ayu Pyasa）","不明（スリランカ現地施設）","スリランカ中央部の高原に2009年開業した日本人経営のアーユルヴェーダ専門ホテル。自家栽培オーガニック野菜と専門医師による本格トリートメントを提供。","不明","不明（日本人オーナー）","なし","ウェルネス×女性×高単価×長期滞在の理想的ターゲット。施設の世界観・施術プロセス・利用者変化をストーリー動画化し、日本人女性30〜50代の『自分時間旅』需要を獲得する提案。"
"受け入れ系","スリランカ・現地ツアー","サラトラベル スリランカ／ベトナム（Sara Travel）","https://www.sara-tour.com/srilanka/","スリランカ・ベトナム・カンボジア・ミャンマー・コモドに拠点を持つ日系現地旅行会社。日本語ガイド付きオリジナルツアー（バワ建築巡り、初日の出気球など）に強み。","https://www.sara-tour.com/srilanka/about/index.html","不明","不明","『バワ建築』『気球遊覧』など他社にないニッチ素材をRAHAの『ニッチを大衆に翻訳』する企画力でショート動画化。マニア層を超えて旅行検討層全般に届ける提案。"
"受け入れ系","シンガポール・ウェディング","瑠美子ウェディング シンガポール（RUMIKO WEDDING SINGAPORE）","https://www.rmk-wedding.com/","2001年からシンガポールで挙式・披露パーティ・フォトウェディングを手掛ける日系ウェディング会社。シンガポール育ちの代表が日本人カップル向けにきめ細かく対応。","https://www.rmk-wedding.com/contact/","代表 本山瑠美子","不明","代表のシンガポール育ち→日本でウェディング→帰国起業という個人ストーリーが大衆共感の素材。当日リアル＋準備リールでInstagram経由のカップル指名問い合わせを作る提案。"
"受け入れ系","台湾・現地ツアー","愛旅！台湾（株式会社ビッグハートインターナショナル）","https://aitabi.tw/","台湾・台中地上手配専門の日系旅行会社。現地スタッフによる最新情報と日本人向けきめ細かなサービスで、定番からウェルネスツーリズムまで企画提供。","https://www.bigheart.co.jp/aitabi-taiwan/","不明（株式会社ビッグハートインターナショナル運営）","https://www.bigheart.co.jp/recruit/","台湾は競合過多。『台中・南部の知られざる魅力』にフォーカスしたショート動画＋ウェルネスツーリズム企画動画で、リピーター日本人女性向けセカンド台湾旅需要を取りに行く提案。"
"受け入れ系","ハワイ・現地ツアー","アンドユークリエーションズ (And You Creations)","https://andyoucreations.com/ja/","ハワイ・オアフ島ホノルル拠点の現地ツアー会社。1989年創立のドルフィン＆ユー（野生イルカと泳ぐツアー）を起点に、滝ハイキング、サンセットクルーズ、B級グルメ巡りなど7つの日本人向けオプショナルツアーを運営、累計70万人以上の利用実績。","https://andyoucreations.com/ja/contact/","不明（住所:307 Lewers St. #401, Honolulu, HI 96815）","不明","イルカ・ウミガメといった一見『定番ハワイ』に隠れがちなニッチ体験を、共感ストーリーでZ世代女子旅層に刺すショート動画展開を提案。インスタ・TikTokからLINE登録→現地着後の追加ツアー予約という導線設計が刺さりやすい。"
"受け入れ系","ハワイ・現地ツアー","ハワイUVツアーズ (Hawaii UV Tours)","https://www.hawaiiuv.com/","オアフ島で日本人ガイド兼ドライバーによる貸切チャーターを提供。カイルア、ノースショア、ダウンタウン歴史スポットを少人数で巡るプライベートツアー専業。","https://www.hawaiiuv.com/contact/","不明","不明","『貸切チャーター』というニッチ高単価商材を、家族旅・記念日旅のストーリーに翻訳するショート動画施策を提案。ガイド個人の人柄が見える動画でリピート＆紹介を生む共感型運用が有効。"
"受け入れ系","ハワイ・ウェディング","サユミブライダル (SAYUMI BRIDAL)","https://sayumiwedding.com/","ワイキキ・ショッピングプラザ内に拠点を持つ日本人スタッフ運営のハワイ挙式・ビーチフォト・和装挙式プロデュース会社。20年以上の実績、ドレス100着以上の自社ラインナップ。","https://sayumiwedding.com/contact/","SAYUMI（ウェディングプランナー兼美容家）","不明","『高単価×ライフイベント』というRAHA得意領域。花嫁の実話ストーリーをショート動画化して指名検索を増やし、LINE個別相談→ハワイ来店という長期育成導線を設計する提案が刺さる。"
"受け入れ系","ハワイ・サーフ","ノースショアバンザイ サーフスクール","https://nsbanzai-surfschool.com/","ハワイ・オアフ島ノースショア拠点のサーフィンスクール。日本人プロサーファー兄弟（ノザキ・ケオニ＆カラニ）が運営、ハワイ州公認ライセンス保有の少人数日本語レッスン。","https://nsbanzai-surfschool.com/contact/","ノザキ・ケオニ／ノザキ・カラニ（兄弟）","不明","代表兄弟自身のストーリー（ハワイ生まれ日本人プロサーファーの2世）が強力な物語素材。本人出演ショート動画＋初心者女子サーファー目線のリアル体験記で、サーフ女子・カップル層の海外サーフ旅需要を獲りに行く提案が刺さる。"
"受け入れ系","カナダ・留学/ワーホリ","株式会社サポートマート（カナダ格安留学サポーター）","https://akageno-anne.jp/","大阪本町に本社を構えるカナダ留学・ワーホリエージェント。ビクトリア・バンクーバー・トロント・モントリオールの4都市に現地サポートセンターを持ち、2010年以来約2,500名を支援。","https://akageno-anne.jp/contact/","不明","不明","ワーホリ層は完全にショート動画で意思決定する世代。現地スタッフ密着＆渡航前不安解消Vlogをショート連投→LINE個別相談→申込みの導線設計が刺さる。RAHAの『採用にもSNS』ノウハウは現地スタッフ採用にも応用可能。"
"受け入れ系","カナダ・留学/ワーホリ","BRAND NEW WAY (BNW)","https://www.bnwjp.com/","カナダ8都市に直営現地オフィスを展開する大手無料留学エージェント。バンクーバー本社、カナダ留学・ワーホリ・フィリピン留学・Co-op留学を扱う。","https://www.bnwjp.com/office/contact/postmail.html","不明","https://www.bnwjp.com/recruit/","カナダ留学エージェント市場は競合多数で『指名検索』獲得が鍵。8都市の現地オフィスのリアル日常をショート動画化し、各都市別ペルソナ（バンクーバー/トロント別）でフォロワー獲得→LINE資料請求の独自ファネルを提案。"
"受け入れ系","カナダ・宿泊","B&B 青垣 (B&B Aogaki)","https://www.bbaogaki.com/","カナダ・バンクーバー郊外で日本人夫妻が運営する日本人向けB&B／ホームステイ。日本語完全対応、留学生・短期滞在者向け格安宿泊。","https://www.bbaogaki.com/contact","足立氏（オーナー夫妻）","なし","個人宿泊事業はマーケ予算が限られるため、まずは『LINE公式アカウント＋オーナー夫妻が登場するショート動画』で口コミ拡散型運用を提案。RAHA予算感とは合わない可能性あり、要見極め。"
"受け入れ系","米国・ツアー","あっとニューヨーク (At New York & Company)","https://www.at-newyork.com/","ニューヨーク本社の日系現地旅行会社。観光ツアー・空港送迎催行、ミュージカルやMLBチケット手配、ホテル予約をワンストップで提供。NYC TLCライセンス、IATA公認代理店。","https://www.at-newyork.com/contact/","土橋 省吾（代表）","不明","ニッチなNYカルチャー（ブロードウェイ／ジャズ／ローカルアート）を共感ストーリーで日本人若年層に翻訳するショート動画運用が刺さる。代表自身の知見をコンテンツ化したオーナー型発信＋LINE個別相談導線を提案。"
"受け入れ系","カナダ・ウィスラー","JAPANADA Enterprises Inc.","https://japanada.com/","1987年創業、カナダ・ウィスラーの個人旅行専門店。日本語による宿泊・アクティビティ・スキーリフト券・医療通訳までを年間通して提供。","https://japanada.com/contact","不明（カナダ現地法人）","不明","『スキー＆スノボ×海外個人旅行』はSNS時代の旅マーケと相性抜群。シーズン中のウィスラーリアルVlog＋初心者向け不安解消ショート動画で、コア層（スキースノボ熱量高めZ世代）への認知獲得を提案。"
"受け入れ系","NZ・ツアー","Tanken Tours Limited（タンケンツアーズ）","https://www.nzwilderness.co.nz/","1993年創業、ニュージーランド南島クイーンズタウン拠点の日本語ガイド会社。日本語ハイキングガイド専門で、ミルフォードサウンド・トラック、マウントクック国立公園、冬季はスキー場送迎まで対応。","https://www.nzwilderness.co.nz/aboutus/","不明（Queenstown Wilderness Adventure Limited運営）","不明","ハイキング／ミルフォードといったニッチアクティビティを、Z世代の『自然回帰・スピリチュアル旅』文脈で大衆化するショート動画戦略が刺さる。30年の運営知見をオーナー型発信に転換する提案が有効。"
"受け入れ系","NZ・留学/ファームステイ","ニュージーランド留学club","https://nzryugakuclub.com/","クライストチャーチを拠点に、日本人スタッフが家庭訪問して厳選したホストファミリー宅でのファームステイ・留学プログラムを手配。空港出迎え・現地オリエンテーション付。","https://nzryugakuclub.com/contact","不明","不明","ファームステイのリアルな1日Vlogをショート動画化し、『英語×自然×動物』というニッチ商材を女子留学層に大衆翻訳。LINE個別相談→契約導線で長期育成を提案。"
"受け入れ系","中南米・アルゼンチン","Vacaloca（ブエノスアイレス観光ガイド）","https://vacaloca1219.com/","アルゼンチン・ブエノスアイレス在住の日本人ガイドが運営。2016年から100名以上の日本人観光客を案内するプライベートツアー、市内観光、空港送迎、レストラン案内。","https://vacaloca1219.com/contact","不明（個人ガイド／要件再確認）","なし","個人事業色が強いため、RAHAの本格マーケ予算には不適合の可能性。除外候補だが、規模拡大志向あれば代表自身を主役にしたオーナー型ショート動画で『南米日本人ガイドのリアル』ジャンルを開拓提案。"
"受け入れ系","中南米・メキシコ","ルートツアーズ (Ruto Tours)","http://www.rutotours.com/","メキシコ・カンクン拠点、メキシコ観光省認定の日本人経営現地ツアー会社。チチェンイッツァ遺跡を日本人オフィシャルガイドが案内できる唯一の会社、セノーテ・マヤ遺跡ツアーを展開。","http://www.rutotours.com/contact/","不明（日本人経営）","不明","マヤ文明・セノーテといった『一生に一度の絶景体験』をストーリーテリングで共感拡散するショート動画施策が刺さる。家族旅行・ハネムーン層をターゲットにしたインスタリール戦略を提案。"
"受け入れ系","中南米・メキシコ","マヤンスカイ (Mayan Sky)","https://mayansky.com/","メキシコ・カンクン拠点の日本人ガイド同行現地オプショナルツアー＆空港送迎会社。少人数制・フレキシブル対応、ホテルピックアップ付き。","https://mayansky.com/contact/","不明","不明","ルートツアーズと競合関係。差別化要素を見つけるため、ガイドの個性／少人数制の利点をショート動画でフィーチャー。ハネムーン・絶景セノーテ写真コンテンツでInstagram集客→LINE予約導線を提案。"
"受け入れ系","中南米・コスタリカ","ゴジツアーズ (Goyi Tours)","http://www.goyitours.com/","中南米・コスタリカ拠点の日系旅行会社。エコツーリズム・野生動物観察・熱帯雨林ツアーを日本語で手配。","http://www.goyitours.com/contact","不明（日系経営）","不明","『エコツーリズム』という共感性の高いテーマを、Z世代のサステナ志向に刺すストーリーテリング型ショート動画で訴求。ナマケモノ・ケツァール等の絶景動物コンテンツはバズ素材として最適。"
"受け入れ系","中南米・ブラジル","WEC旅行社 (WEC Agencia de Viagens)","https://wecbrazil.com/","サンパウロ拠点、36年の歴史を持つ日本人経営の南米専門旅行会社。ブラジル、アルゼンチン、ペルー、チリ、ボリビアの旅行手配、視察・取材・企業ビジネスサポートまで対応。","https://www.wecbrazil.com/info/company.html","不明（日本人創設者）","不明","B2C個人旅行とB2B企業視察の両軸を持つ稀有な企業。リオのカーニバル／アマゾン／ウユニといった『南米三大絶景』をRAHA得意のストーリーテリングで翻訳し、富裕層・経営者層への両面アプローチを提案。"
"受け入れ系","中南米・エクアドル","ガラカミーノス・トラベル (Galacaminos Travel S.A.)","https://galacaminos.jp/","エクアドル・キト拠点、1988年創業（旧ジャパン・ツアーズ）の邦人経営最古参の現地旅行会社。ガラパゴス諸島・キト・南米周遊を専門に日本語で手配。","https://galacaminos.jp/contact/","代表は南米在住50年以上・エクアドル35年の福井県出身者（氏名要確認）","不明","ガラパゴスの希少動物体験はSNSバズ素材の宝庫。創業30年以上の知見を持つ代表のドキュメンタリー型ショート動画＋家族向け一生モノ旅行物語で、ハイエンド・教育系ファミリー層を狙う提案が刺さる。"
"受け入れ系","中南米・南米全域","F.T.S. Turismo","https://www.ftsturismo.com/","サンパウロ本社、経験豊富な日本人経営者によるオーダーメイド旅行会社。ブラジル国内ツアーに加え、ウユニ塩湖・マチュピチュなど南米・カリブ全域の手配を扱う。","https://www.ftsturismo.com/contact","不明（日本人経営）","不明","ウユニ塩湖の絶景はTikTok・Instagram上で常に高エンゲージメント素材。リアルタイム現地スタッフによる絶景ショート動画＋LINE限定旅行プラン配信で、一生に一度の旅需要を顕在化する提案が有効。"
"受け入れ系","欧州・フランス","Emi TRAVEL PARIS（エミトラベルパリ）","https://www.emitravel.net/","パリ8区に本社を構え30年以上の歴史を持つ日本人向け現地旅行会社。モンサンミッシェル・ベルサイユ・ルーブル等の日本語ガイド付ツアー、サポートラウンジ運営。","https://www.emitravel.net/contact/","不明","不明","30年以上の信頼資産があるが、SNS時代の若年女性旅行者の獲得は弱い可能性。パリ在住スタッフ目線の『日常パリVlog』をTikTok/Instagramで運用し、LINE登録→現地ラウンジ来訪のオフライン回遊導線を提案。"
"受け入れ系","欧州・イタリア","アーモイタリア (Amo Italia)","https://amoitalia.com/","フィレンツェ拠点のイタリア旅行情報発信＆現地ツアー手配サイト。日本人公認ガイドによるフィレンツェ・ローマ・トスカーナ等の半日〜1日プライベートツアー、ワイナリー・アグリ体験も対応。","https://amoitalia.com/contact/","堂 剛 (Tsuyoshi Do)","不明","メディア＋ツアー手配のハイブリッドモデル。RAHA得意の『ニッチを大衆化』をオーナー型情報発信に転換し、トスカーナワインや知られざる小都市をショート動画で訴求→LINEでツアー個別相談という導線設計を提案。"
"受け入れ系","欧州・チェコ","Prahatabi s.r.o.（プラハ旅）","https://www.prahatabi.com/","2009年設立、チェコ・プラハ拠点の現地旅行代理店。チェコ政府公認の日本人ガイドによる完全プライベートツアー（プラハ／チェスキークルムロフ／ウィーン・ザルツブルク移動）。","https://www.prahatabi.com/contact/","不明（日本人ガイド経営）","不明","東欧×美しい街並みはInstagramでバズりやすい素材。ガイド本人を主人公にした『プラハ現地暮らしVlog』＋ハネムーン・記念日カップル層向けストーリーで、東欧旅潜在需要を喚起する提案が刺さる。"
"受け入れ系","欧州・イギリス","Style Gate（スタイルゲート）","https://www.style-gate.com/","2012年設立、ロンドン拠点のプライベート観光ガイド会社。代表は英国20年以上在住、世界遺産から隠れ歩きコース、ビジネス視察・買い付け同行までを日本語で対応。","https://www.style-gate.com/about/","山城 みつか","不明","個人ガイド色強めだが代表の発信力が活きる業態。本人主演の『ロンドン暮らし＆隠れ名所Vlog』をTikTok/YouTubeに横展開し、観光ガイド→ビジネス視察→買い付け同行へと客単価アップする導線設計を提案。"
"受け入れ系","欧州・アイルランド","アイルランド留学情報（ireland-info.com）","https://ireland-info.com/","ダブリン現地の日系留学エージェント。語学学校・ワーホリ・長期留学手配を完全無料で提供、現地法人として最新情報発信。","https://ireland-info.com/contact","不明","不明","アイルランドはワーホリ後発国だが英語圏として伸び代大。現地スタッフのダブリン日常Vlogを軸に『安いカナダ／豪州ではなくアイルランド』というポジショニングを動画で確立、LINEで個別相談→契約導線を提案。"
"受け入れ系","中東・ヨルダン","ENJOY PETRA（エンジョイペトラ）","https://enjoy-petra.com/","2009年設立、ヨルダン現地拠点の日本人スタッフによるツアー手配＆テレビ番組制作会社。ペトラ・ワディラム・死海ツアーに加え、NHK・テレビ朝日等のドキュメンタリー撮影コーディネートも担う。","https://enjoy-petra.com/contact","不明（日本人スタッフ）","不明","ペトラ遺跡・ワディラムは映像映え抜群。番組制作で培った映像力とRAHAのショート動画企画力を掛け算し、『中東＝怖い』偏見を共感ストーリーで覆すTikTok/YouTubeチャンネル運用を提案。撮影コーディネート受託にもSNS発信が直結。"
"受け入れ系","中東・トルコ","OVERSEAS TOURISM","https://overseastourism.com/","イスタンブール旧市街（ブルーモスク至近）拠点、日本語対応のトルコ現地家族経営旅行会社。カッパドキア・パムッカレ・エフェソスツアー、トルコ料理教室、サッカー観戦チケット手配まで対応。","info@overseastourism.com","不明（家族経営）","不明","カッパドキア気球・トルコランプ・グルメは絶好のショート動画素材。家族経営の温かみを前面に出す『現地暮らしVlog』で他社との差別化を図り、LINEで個別オーダーメイド相談→ツアー予約導線を提案。"
